AT1G10620	site	gimme_104_Improbizer_GTGCAACGGAGAGT	D	-140	-127
AT1G10620	site	gimme_146_MEME_7_w12	R	-878	-867
AT1G10620	site	gimme_13_BioProspector_w10_3	R	-695	-686
AT1G10620	site	gimme_132_MEME_3_w10	R	-876	-867
AT1G10620	site	gimme_105_Improbizer_AACACACGTTTATTAGATGTTT	D	-259	-238
AT1G10620	site	gimme_102_Improbizer_GCGTTATACCCGAGGATCAG	D	-954	-935
AT1G10620	site	DME_GADGAYKAS	R	-779	-771
AT1G10620	site	DME_GRHTGDTGA	R	-327	-319
AT1G10620	site	DME_MARKGDSRGA	D	-581	-572
AT1G10620	site	DME_GATYTKRHG	D	-611	-603
AT1G49270	site	gimme_143_MEME_4_w12	D	-642	-631
AT1G49270	site	gimme_104_Improbizer_GTGCAACGGAGAGT	D	-19	-6
AT1G49270	site	gimme_146_MEME_7_w12	D	-338	-327
AT1G49270	site	gimme_16_BioProspector_w12_1	D	-282	-271
AT1G49270	site	gimme_13_BioProspector_w10_3	D	-531	-522
AT1G49270	site	gimme_13_BioProspector_w10_3	D	-318	-309
AT1G49270	site	gimme_92_MDmodule_Motif.12.3	D	-929	-918
AT1G49270	site	gimme_132_MEME_3_w10	R	-319	-310
AT1G49270	site	gimme_105_Improbizer_AACACACGTTTATTAGATGTTT	D	-301	-280
AT1G49270	site	gimme_102_Improbizer_GCGTTATACCCGAGGATCAG	D	-937	-918
AT1G49270	site	DME_GADGAYKAS	D	-926	-918
AT1G49270	site	DME_GRHTGDTGA	D	-382	-374
AT1G49270	site	DME_MARKGDSRGA	D	-707	-698
AT1G49270	site	DME_MARKGDSRGA	R	-30	-21
AT1G49270	site	DME_GATYTKRHG	D	-104	-96
AT4G34440	site	gimme_143_MEME_4_w12	D	-868	-857
AT4G34440	site	gimme_104_Improbizer_GTGCAACGGAGAGT	D	-56	-43
AT4G34440	site	gimme_146_MEME_7_w12	D	-313	-302
AT4G34440	site	gimme_13_BioProspector_w10_3	R	-463	-454
AT4G34440	site	gimme_92_MDmodule_Motif.12.3	D	-408	-397
AT4G34440	site	gimme_132_MEME_3_w10	D	-950	-941
AT4G34440	site	gimme_105_Improbizer_AACACACGTTTATTAGATGTTT	D	-665	-644
AT4G34440	site	gimme_102_Improbizer_GCGTTATACCCGAGGATCAG	D	-980	-961
AT4G34440	site	DME_GADGAYKAS	R	-171	-163
AT4G34440	site	DME_GRHTGDTGA	R	-150	-142
AT4G34440	site	DME_MARKGDSRGA	R	-937	-928
AT4G34440	site	DME_MARKGDSRGA	D	-712	-703
AT4G34440	site	DME_MARKGDSRGA	R	-192	-183
AT3G18810	site	gimme_143_MEME_4_w12	D	-598	-587
AT3G18810	site	gimme_104_Improbizer_GTGCAACGGAGAGT	D	-571	-558
AT3G18810	site	gimme_146_MEME_7_w12	R	-574	-563
AT3G18810	site	gimme_16_BioProspector_w12_1	D	-707	-696
AT3G18810	site	gimme_16_BioProspector_w12_1	D	-377	-366
AT3G18810	site	gimme_13_BioProspector_w10_3	D	-413	-404
AT3G18810	site	gimme_92_MDmodule_Motif.12.3	D	-960	-949
AT3G18810	site	gimme_92_MDmodule_Motif.12.3	D	-707	-696
AT3G18810	site	gimme_132_MEME_3_w10	R	-414	-405
AT3G18810	site	gimme_105_Improbizer_AACACACGTTTATTAGATGTTT	D	-396	-375
AT3G18810	site	gimme_102_Improbizer_GCGTTATACCCGAGGATCAG	D	-724	-705
AT3G18810	site	DME_GADGAYKAS	D	-710	-702
AT3G18810	site	DME_GRHTGDTGA	D	-711	-703
AT3G18810	site	DME_MARKGDSRGA	D	-659	-650
AT3G18810	site	DME_MARKGDSRGA	D	-58	-49
AT3G18810	site	DME_GATYTKRHG	R	-769	-761
AT2G24450	site	gimme_143_MEME_4_w12	R	-918	-907
AT2G24450	site	gimme_104_Improbizer_GTGCAACGGAGAGT	D	-890	-877
AT2G24450	site	gimme_146_MEME_7_w12	D	-238	-227
AT2G24450	site	gimme_16_BioProspector_w12_1	R	-918	-907
AT2G24450	site	gimme_16_BioProspector_w12_1	R	-765	-754
AT2G24450	site	gimme_16_BioProspector_w12_1	D	-273	-262
AT2G24450	site	gimme_13_BioProspector_w10_3	D	-257	-248
AT2G24450	site	gimme_92_MDmodule_Motif.12.3	R	-336	-325
AT2G24450	site	gimme_92_MDmodule_Motif.12.3	R	-309	-298
AT2G24450	site	gimme_132_MEME_3_w10	R	-322	-313
AT2G24450	site	gimme_105_Improbizer_AACACACGTTTATTAGATGTTT	D	-495	-474
AT2G24450	site	gimme_102_Improbizer_GCGTTATACCCGAGGATCAG	D	-803	-784
AT2G24450	site	gimme_102_Improbizer_GCGTTATACCCGAGGATCAG	R	-83	-64
AT2G24450	site	DME_GRHTGDTGA	D	-998	-990
AT2G24450	site	DME_GRHTGDTGA	R	-776	-768
AT2G24450	site	DME_GATYTKRHG	R	-756	-748
AT2G24450	site	DME_GATYTKRHG	D	-703	-695
AT1G23540	site	gimme_143_MEME_4_w12	R	-438	-427
AT1G23540	site	gimme_104_Improbizer_GTGCAACGGAGAGT	D	-184	-171
AT1G23540	site	gimme_146_MEME_7_w12	R	-595	-584
AT1G23540	site	gimme_16_BioProspector_w12_1	R	-101	-90
AT1G23540	site	gimme_92_MDmodule_Motif.12.3	R	-101	-90
AT1G23540	site	gimme_132_MEME_3_w10	R	-264	-255
AT1G23540	site	gimme_105_Improbizer_AACACACGTTTATTAGATGTTT	R	-969	-948
AT1G23540	site	gimme_102_Improbizer_GCGTTATACCCGAGGATCAG	D	-800	-781
AT1G23540	site	gimme_102_Improbizer_GCGTTATACCCGAGGATCAG	R	-245	-226
AT1G23540	site	DME_GADGAYKAS	D	-789	-781
AT1G23540	site	DME_MARKGDSRGA	D	-985	-976
AT1G23540	site	DME_GATYTKRHG	R	-538	-530
AT4G33970	site	gimme_143_MEME_4_w12	D	-421	-410
AT4G33970	site	gimme_104_Improbizer_GTGCAACGGAGAGT	D	-726	-713
AT4G33970	site	gimme_146_MEME_7_w12	D	-466	-455
AT4G33970	site	gimme_16_BioProspector_w12_1	D	-421	-410
AT4G33970	site	gimme_13_BioProspector_w10_3	D	-189	-180
AT4G33970	site	gimme_132_MEME_3_w10	R	-653	-644
AT4G33970	site	gimme_105_Improbizer_AACACACGTTTATTAGATGTTT	D	-318	-297
AT4G33970	site	gimme_102_Improbizer_GCGTTATACCCGAGGATCAG	D	-657	-638
AT4G33970	site	DME_GRHTGDTGA	R	-257	-249
AT4G33970	site	DME_MARKGDSRGA	R	-286	-277
AT4G33970	site	DME_GATYTKRHG	D	-134	-126
AT1G54215	site	gimme_143_MEME_4_w12	D	-81	-70
AT1G54215	site	gimme_104_Improbizer_GTGCAACGGAGAGT	D	-110	-97
AT1G54215	site	gimme_146_MEME_7_w12	R	-601	-590
AT1G54215	site	gimme_16_BioProspector_w12_1	R	-124	-113
AT1G54215	site	gimme_16_BioProspector_w12_1	R	-83	-72
AT1G54215	site	gimme_16_BioProspector_w12_1	D	-81	-70
AT1G54215	site	gimme_92_MDmodule_Motif.12.3	D	-706	-695
AT1G54215	site	gimme_92_MDmodule_Motif.12.3	R	-83	-72
AT1G54215	site	gimme_132_MEME_3_w10	R	-599	-590
AT1G54215	site	gimme_105_Improbizer_AACACACGTTTATTAGATGTTT	R	-520	-499
AT1G54215	site	gimme_105_Improbizer_AACACACGTTTATTAGATGTTT	D	-512	-491
AT1G54215	site	gimme_102_Improbizer_GCGTTATACCCGAGGATCAG	D	-914	-895
AT1G54215	site	DME_GADGAYKAS	D	-903	-895
AT1G54215	site	DME_GATYTKRHG	R	-124	-116
AT2G18470	site	gimme_104_Improbizer_GTGCAACGGAGAGT	D	-814	-801
AT2G18470	site	gimme_104_Improbizer_GTGCAACGGAGAGT	D	-47	-34
AT2G18470	site	gimme_146_MEME_7_w12	D	-883	-872
AT2G18470	site	gimme_16_BioProspector_w12_1	D	-730	-719
AT2G18470	site	gimme_16_BioProspector_w12_1	D	-146	-135
AT2G18470	site	gimme_13_BioProspector_w10_3	R	-449	-440
AT2G18470	site	gimme_92_MDmodule_Motif.12.3	D	-730	-719
AT2G18470	site	gimme_92_MDmodule_Motif.12.3	D	-146	-135
AT2G18470	site	gimme_132_MEME_3_w10	D	-247	-238
AT2G18470	site	gimme_105_Improbizer_AACACACGTTTATTAGATGTTT	D	-241	-220
AT2G18470	site	DME_GADGAYKAS	D	-804	-796
AT2G18470	site	DME_GRHTGDTGA	R	-474	-466
AT2G18470	site	DME_MARKGDSRGA	D	-56	-47
AT2G18470	site	DME_GATYTKRHG	D	-551	-543
AT1G24520	site	gimme_143_MEME_4_w12	D	-794	-783
AT1G24520	site	gimme_104_Improbizer_GTGCAACGGAGAGT	D	-539	-526
AT1G24520	site	gimme_146_MEME_7_w12	D	-960	-949
AT1G24520	site	gimme_146_MEME_7_w12	D	-859	-848
AT1G24520	site	gimme_16_BioProspector_w12_1	R	-779	-768
AT1G24520	site	gimme_13_BioProspector_w10_3	R	-955	-946
AT1G24520	site	gimme_92_MDmodule_Motif.12.3	D	-777	-766
AT1G24520	site	gimme_132_MEME_3_w10	D	-722	-713
AT1G24520	site	gimme_105_Improbizer_AACACACGTTTATTAGATGTTT	D	-296	-275
AT1G24520	site	gimme_105_Improbizer_AACACACGTTTATTAGATGTTT	R	-44	-23
AT1G24520	site	gimme_102_Improbizer_GCGTTATACCCGAGGATCAG	D	-747	-728
AT1G24520	site	gimme_102_Improbizer_GCGTTATACCCGAGGATCAG	R	-85	-66
AT1G24520	site	DME_GADGAYKAS	R	-85	-77
AT1G24520	site	DME_GRHTGDTGA	R	-237	-229
AT1G24520	site	DME_MARKGDSRGA	D	-16	-7
AT1G24520	site	DME_GATYTKRHG	D	-278	-270
AT3G01700	site	gimme_143_MEME_4_w12	D	-515	-504
AT3G01700	site	gimme_104_Improbizer_GTGCAACGGAGAGT	D	-831	-818
AT3G01700	site	gimme_146_MEME_7_w12	D	-808	-797
AT3G01700	site	gimme_16_BioProspector_w12_1	R	-735	-724
AT3G01700	site	gimme_16_BioProspector_w12_1	R	-180	-169
AT3G01700	site	gimme_13_BioProspector_w10_3	D	-223	-214
AT3G01700	site	gimme_92_MDmodule_Motif.12.3	R	-735	-724
AT3G01700	site	gimme_132_MEME_3_w10	D	-813	-804
AT3G01700	site	gimme_105_Improbizer_AACACACGTTTATTAGATGTTT	D	-582	-561
AT3G01700	site	gimme_102_Improbizer_GCGTTATACCCGAGGATCAG	D	-897	-878
AT3G01700	site	DME_GADGAYKAS	D	-886	-878
AT3G01700	site	DME_GADGAYKAS	D	-760	-752
AT3G01700	site	DME_GRHTGDTGA	R	-436	-428
AT3G01700	site	DME_MARKGDSRGA	D	-978	-969
AT3G01700	site	DME_GATYTKRHG	R	-735	-727
AT5G14380	site	gimme_143_MEME_4_w12	R	-159	-148
AT5G14380	site	gimme_104_Improbizer_GTGCAACGGAGAGT	D	-746	-733
AT5G14380	site	gimme_146_MEME_7_w12	D	-555	-544
AT5G14380	site	gimme_16_BioProspector_w12_1	R	-211	-200
AT5G14380	site	gimme_13_BioProspector_w10_3	D	-593	-584
AT5G14380	site	gimme_92_MDmodule_Motif.12.3	D	-968	-957
AT5G14380	site	gimme_92_MDmodule_Motif.12.3	R	-934	-923
AT5G14380	site	gimme_92_MDmodule_Motif.12.3	R	-132	-121
AT5G14380	site	gimme_105_Improbizer_AACACACGTTTATTAGATGTTT	D	-995	-974
AT5G14380	site	gimme_102_Improbizer_GCGTTATACCCGAGGATCAG	D	-673	-654
AT5G14380	site	DME_GADGAYKAS	D	-662	-654
AT5G14380	site	DME_GADGAYKAS	R	-183	-175
AT5G14380	site	DME_GRHTGDTGA	D	-865	-857
AT5G14380	site	DME_MARKGDSRGA	D	-836	-827
AT3G57690	site	gimme_143_MEME_4_w12	D	-340	-329
AT3G57690	site	gimme_16_BioProspector_w12_1	D	-680	-669
AT3G57690	site	gimme_16_BioProspector_w12_1	R	-323	-312
AT3G57690	site	gimme_13_BioProspector_w10_3	R	-884	-875
AT3G57690	site	gimme_13_BioProspector_w10_3	D	-848	-839
AT3G57690	site	gimme_92_MDmodule_Motif.12.3	D	-680	-669
AT3G57690	site	gimme_92_MDmodule_Motif.12.3	R	-604	-593
AT3G57690	site	gimme_92_MDmodule_Motif.12.3	R	-323	-312
AT3G57690	site	gimme_92_MDmodule_Motif.12.3	D	-66	-55
AT3G57690	site	gimme_132_MEME_3_w10	D	-275	-266
AT3G57690	site	gimme_105_Improbizer_AACACACGTTTATTAGATGTTT	D	-779	-758
AT3G57690	site	gimme_102_Improbizer_GCGTTATACCCGAGGATCAG	D	-675	-656
AT3G57690	site	DME_GADGAYKAS	D	-396	-388
AT3G57690	site	DME_GRHTGDTGA	D	-341	-333
AT3G57690	site	DME_MARKGDSRGA	R	-557	-548
AT3G57690	site	DME_GATYTKRHG	D	-935	-927
